{"count":1,"self":33.4668256,"total":33.7442026,"children":{"InitializeActuators":{"count":1,"self":0.0020004,"total":0.0020004,"children":null},"InitializeSensors":{"count":1,"self":0.0019998999999999998,"total":0.0019998999999999998,"children":null},"AgentSendState":{"count":1629,"self":0.0060025999999999994,"total":0.011209799999999999,"children":{"CollectObservations":{"count":326,"self":0.0022053999999999997,"total":0.0022053999999999997,"children":null},"WriteActionMask":{"count":326,"self":0,"total":0,"children":null},"RequestDecision":{"count":326,"self":0.0030017999999999998,"total":0.0030017999999999998,"children":null}}},"DecideAction":{"count":1629,"self":0.215948,"total":0.215948,"children":null},"AgentAct":{"count":1629,"self":0.044219999999999995,"total":0.044219999999999995,"children":null}},"gauges":{"MoonLander.CumulativeReward":{"count":2,"max":23.8198071,"min":22.9603539,"runningAverage":23.39008,"value":22.9603539,"weightedAverage":23.6049442}},"metadata":{"timer_format_version":"0.1.0","start_time_seconds":"1671311196","unity_version":"2021.2.12f1","command_line_arguments":"C:\\Users\\Acrazt04\\Documents\\ITLA\\5to cuatrimestre\\Juegos inteligentes\\AI Lunar Lander\\ReleaseBuild\\AI Lunar Lander.exe","communication_protocol_version":"1.5.0","com.unity.ml-agents_version":"2.0.1","scene_name":"LunarLandscape3D","end_time_seconds":"1671311229"}}